{
  "training_timestamp": "2025-09-02T12:06:33.047006",
  "training_metrics": {
    "logistic_regression": {
      "train_accuracy": 0.627640313820157,
      "val_accuracy": 0.5934861278648975,
      "train_samples": 3314,
      "val_samples": 829
    },
    "random_forest": {
      "train_accuracy": 0.8533494266747134,
      "val_accuracy": 0.5971049457177322,
      "train_samples": 3314,
      "val_samples": 829
    },
    "xgboost": {
      "train_accuracy": 0.8922751961375981,
      "val_accuracy": 0.594692400482509,
      "train_samples": 3314,
      "val_samples": 829
    }
  },
  "feature_importance": {
    "logistic_regression": [
      0.04256983689382822,
      0.06473083494624836,
      0.0,
      0.2988267173587781,
      0.045007592409004475,
      0.0023472896441945243,
      0.06061894772204149,
      0.17977960601803603,
      0.44998715546443474,
      0.0,
      0.0,
      0.262816451390148,
      0.4942761290248918,
      0.04948266857973519,
      0.22612792319389818,
      0.09412545257004166,
      0.25511407611549075,
      0.0,
      0.0,
      0.13263217314474182,
      0.13671919492120868,
      0.0,
      0.0,
      0.0,
      0.2158051939725253,
      0.08208400722495401,
      0.0,
      0.0
    ],
    "random_forest": [
      0.04539268831715495,
      0.025063984960005316,
      0.0,
      0.028683210910586815,
      0.031066248410065212,
      0.06598736074356236,
      0.07385936377508734,
      0.07247026410813745,
      0.1310334834963829,
      0.0,
      0.0,
      0.029747782005718804,
      0.032778597605163065,
      0.05653075738082368,
      0.07235883259973483,
      0.07085427268829066,
      0.11091761090055079,
      0.0,
      0.0,
      0.038320945642613256,
      0.04571862641125028,
      0.0,
      0.0,
      0.0,
      0.03874467473659858,
      0.03047129530827374,
      0.0,
      0.0
    ],
    "xgboost": [
      0.05133451148867607,
      0.04634016752243042,
      0.0,
      0.04295630380511284,
      0.04285220801830292,
      0.06689634919166565,
      0.05709254369139671,
      0.052469365298748016,
      0.0787794291973114,
      0.0,
      0.0,
      0.05970321223139763,
      0.05067777261137962,
      0.05197049304842949,
      0.050544749945402145,
      0.05497533828020096,
      0.07431503385305405,
      0.0,
      0.0,
      0.05121680721640587,
      0.05147665739059448,
      0.0,
      0.0,
      0.0,
      0.05095342546701431,
      0.06544569134712219,
      0.0,
      0.0
    ]
  },
  "model_parameters": {
    "logistic_regression": {
      "C": 1.0,
      "class_weight": "balanced",
      "dual": false,
      "fit_intercept": true,
      "intercept_scaling": 1,
      "l1_ratio": null,
      "max_iter": 1000,
      "multi_class": "auto",
      "n_jobs": null,
      "penalty": "l2",
      "random_state": 42,
      "solver": "lbfgs",
      "tol": 0.0001,
      "verbose": 0,
      "warm_start": false
    },
    "random_forest": {
      "bootstrap": true,
      "ccp_alpha": 0.0,
      "class_weight": "balanced",
      "criterion": "gini",
      "max_depth": 10,
      "max_features": "sqrt",
      "max_leaf_nodes": null,
      "max_samples": null,
      "min_impurity_decrease": 0.0,
      "min_samples_leaf": 2,
      "min_samples_split": 5,
      "min_weight_fraction_leaf": 0.0,
      "n_estimators": 100,
      "n_jobs": -1,
      "oob_score": false,
      "random_state": 42,
      "verbose": 0,
      "warm_start": false
    },
    "xgboost": {
      "objective": "binary:logistic",
      "base_score": null,
      "booster": null,
      "callbacks": null,
      "colsample_bylevel": null,
      "colsample_bynode": null,
      "colsample_bytree": 0.8,
      "device": null,
      "early_stopping_rounds": null,
      "enable_categorical": false,
      "eval_metric": "logloss",
      "feature_types": null,
      "gamma": null,
      "grow_policy": null,
      "importance_type": null,
      "interaction_constraints": null,
      "learning_rate": 0.1,
      "max_bin": null,
      "max_cat_threshold": null,
      "max_cat_to_onehot": null,
      "max_delta_step": null,
      "max_depth": 6,
      "max_leaves": null,
      "min_child_weight": null,
      "missing": NaN,
      "monotone_constraints": null,
      "multi_strategy": null,
      "n_estimators": 100,
      "n_jobs": null,
      "num_parallel_tree": null,
      "random_state": 42,
      "reg_alpha": null,
      "reg_lambda": null,
      "sampling_method": null,
      "scale_pos_weight": null,
      "subsample": 0.8,
      "tree_method": null,
      "validate_parameters": null,
      "verbosity": null
    }
  }
}